UnitID,Institution Name,Grand total (C2015_A_RV  First major  Grand total  Bachelor's degree),Imputation/Status Flag For Grand total (C2015_A_RV  First major  Grand total  Bachelor's degree),Grand total men (C2015_A_RV  First major  Grand total  Bachelor's degree),Imputation/Status Flag For Grand total men (C2015_A_RV  First major  Grand total  Bachelor's degree),Grand total women (C2015_A_RV  First major  Grand total  Bachelor's degree),Imputation/Status Flag For Grand total women (C2015_A_RV  First major  Grand total  Bachelor's degree),American Indian or Alaska Native total (C2015_A_RV  First major  Grand total  Bachelor's degree),Imputation/Status Flag For American Indian or Alaska Native total (C2015_A_RV  First major  Grand total  Bachelor's degree),American Indian or Alaska Native men (C2015_A_RV  First major  Grand total  Bachelor's degree),Imputation/Status Flag For American Indian or Alaska Native men (C2015_A_RV  First major  Grand total  Bachelor's degree),American Indian or Alaska Native women (C2015_A_RV  First major  Grand total  Bachelor's degree),Imputation/Status Flag For American Indian or Alaska Native women (C2015_A_RV  First major  Grand total  Bachelor's degree),Asian total (C2015_A_RV  First major  Grand total  Bachelor's degree),Imputation/Status Flag For Asian total (C2015_A_RV  First major  Grand total  Bachelor's degree),Asian men (C2015_A_RV  First major  Grand total  Bachelor's degree),Imputation/Status Flag For Asian men (C2015_A_RV  First major  Grand total  Bachelor's degree),Asian women (C2015_A_RV  First major  Grand total  Bachelor's degree),Imputation/Status Flag For Asian women (C2015_A_RV  First major  Grand total  Bachelor's degree),Black or African American total (C2015_A_RV  First major  Grand total  Bachelor's degree),Imputation/Status Flag For Black or African American total (C2015_A_RV  First major  Grand total  Bachelor's degree),Black or African American men (C2015_A_RV  First major  Grand total  Bachelor's degree),Imputation/Status Flag For Black or African American men (C2015_A_RV  First major  Grand total  Bachelor's degree),Black or African American women (C2015_A_RV  First major  Grand total  Bachelor's degree),Imputation/Status Flag For Black or African American women (C2015_A_RV  First major  Grand total  Bachelor's degree),Hispanic or Latino total (C2015_A_RV  First major  Grand total  Bachelor's degree),Imputation/Status Flag For Hispanic or Latino total (C2015_A_RV  First major  Grand total  Bachelor's degree),Hispanic or Latino men (C2015_A_RV  First major  Grand total  Bachelor's degree),Imputation/Status Flag For Hispanic or Latino men (C2015_A_RV  First major  Grand total  Bachelor's degree),Hispanic or Latino women (C2015_A_RV  First major  Grand total  Bachelor's degree),Imputation/Status Flag For Hispanic or Latino women (C2015_A_RV  First major  Grand total  Bachelor's degree),Native Hawaiian or Other Pacific Islander total (C2015_A_RV  First major  Grand total  Bachelor's degree),Imputation/Status Flag For Native Hawaiian or Other Pacific Islander total (C2015_A_RV  First major  Grand total  Bachelor's degree),Native Hawaiian or Other Pacific Islander men (C2015_A_RV  First major  Grand total  Bachelor's degree),Imputation/Status Flag For Native Hawaiian or Other Pacific Islander men (C2015_A_RV  First major  Grand total  Bachelor's degree),Native Hawaiian or Other Pacific Islander women (C2015_A_RV  First major  Grand total  Bachelor's degree),Imputation/Status Flag For Native Hawaiian or Other Pacific Islander women (C2015_A_RV  First major  Grand total  Bachelor's degree),White total (C2015_A_RV  First major  Grand total  Bachelor's degree),Imputation/Status Flag For White total (C2015_A_RV  First major  Grand total  Bachelor's degree),White men (C2015_A_RV  First major  Grand total  Bachelor's degree),Imputation/Status Flag For White men (C2015_A_RV  First major  Grand total  Bachelor's degree),White women (C2015_A_RV  First major  Grand total  Bachelor's degree),Imputation/Status Flag For White women (C2015_A_RV  First major  Grand total  Bachelor's degree),Two or more races total (C2015_A_RV  First major  Grand total  Bachelor's degree),Imputation/Status Flag For Two or more races total (C2015_A_RV  First major  Grand total  Bachelor's degree),Two or more races men (C2015_A_RV  First major  Grand total  Bachelor's degree),Imputation/Status Flag For Two or more races men (C2015_A_RV  First major  Grand total  Bachelor's degree),Two or more races women (C2015_A_RV  First major  Grand total  Bachelor's degree),Imputation/Status Flag For Two or more races women (C2015_A_RV  First major  Grand total  Bachelor's degree),Race/ethnicity unknown total (C2015_A_RV  First major  Grand total  Bachelor's degree),Imputation/Status Flag For Race/ethnicity unknown total (C2015_A_RV  First major  Grand total  Bachelor's degree),Race/ethnicity unknown men (C2015_A_RV  First major  Grand total  Bachelor's degree),Imputation/Status Flag For Race/ethnicity unknown men (C2015_A_RV  First major  Grand total  Bachelor's degree),Race/ethnicity unknown women (C2015_A_RV  First major  Grand total  Bachelor's degree),Imputation/Status Flag For Race/ethnicity unknown women (C2015_A_RV  First major  Grand total  Bachelor's degree),Nonresident alien total (C2015_A_RV  First major  Grand total  Bachelor's degree),Imputation/Status Flag For Nonresident alien total (C2015_A_RV  First major  Grand total  Bachelor's degree),Nonresident alien men (C2015_A_RV  First major  Grand total  Bachelor's degree),Imputation/Status Flag For Nonresident alien men (C2015_A_RV  First major  Grand total  Bachelor's degree),Nonresident alien women (C2015_A_RV  First major  Grand total  Bachelor's degree),Imputation/Status Flag For Nonresident alien women (C2015_A_RV  First major  Grand total  Bachelor's degree),Grand total (C2015_A_RV  First major  Engineering  Bachelor's degree),Grand total men (C2015_A_RV  First major  Engineering  Bachelor's degree),Grand total women (C2015_A_RV  First major  Engineering  Bachelor's degree),American Indian or Alaska Native total (C2015_A_RV  First major  Engineering  Bachelor's degree),American Indian or Alaska Native men (C2015_A_RV  First major  Engineering  Bachelor's degree),American Indian or Alaska Native women (C2015_A_RV  First major  Engineering  Bachelor's degree),Asian total (C2015_A_RV  First major  Engineering  Bachelor's degree),Asian men (C2015_A_RV  First major  Engineering  Bachelor's degree),Asian women (C2015_A_RV  First major  Engineering  Bachelor's degree),Black or African American total (C2015_A_RV  First major  Engineering  Bachelor's degree),Black or African American men (C2015_A_RV  First major  Engineering  Bachelor's degree),Black or African American women (C2015_A_RV  First major  Engineering  Bachelor's degree),Hispanic or Latino total (C2015_A_RV  First major  Engineering  Bachelor's degree),Hispanic or Latino men (C2015_A_RV  First major  Engineering  Bachelor's degree),Hispanic or Latino women (C2015_A_RV  First major  Engineering  Bachelor's degree),Native Hawaiian or Other Pacific Islander total (C2015_A_RV  First major  Engineering  Bachelor's degree),Native Hawaiian or Other Pacific Islander men (C2015_A_RV  First major  Engineering  Bachelor's degree),Native Hawaiian or Other Pacific Islander women (C2015_A_RV  First major  Engineering  Bachelor's degree),White total (C2015_A_RV  First major  Engineering  Bachelor's degree),White men (C2015_A_RV  First major  Engineering  Bachelor's degree),White women (C2015_A_RV  First major  Engineering  Bachelor's degree),Two or more races total (C2015_A_RV  First major  Engineering  Bachelor's degree),Two or more races men (C2015_A_RV  First major  Engineering  Bachelor's degree),Two or more races women (C2015_A_RV  First major  Engineering  Bachelor's degree),Race/ethnicity unknown total (C2015_A_RV  First major  Engineering  Bachelor's degree),Race/ethnicity unknown men (C2015_A_RV  First major  Engineering  Bachelor's degree),Race/ethnicity unknown women (C2015_A_RV  First major  Engineering  Bachelor's degree),Nonresident alien total (C2015_A_RV  First major  Engineering  Bachelor's degree),Nonresident alien men (C2015_A_RV  First major  Engineering  Bachelor's degree),Nonresident alien women (C2015_A_RV  First major  Engineering  Bachelor's degree),Grand total (C2015_A_RV  First major  Computer and Information Sciences and Support Services  Bachelor's degree),Grand total men (C2015_A_RV  First major  Computer and Information Sciences and Support Services  Bachelor's degree),Grand total women (C2015_A_RV  First major  Computer and Information Sciences and Support Services  Bachelor's degree),American Indian or Alaska Native total (C2015_A_RV  First major  Computer and Information Sciences and Support Services  Bachelor's degree),American Indian or Alaska Native men (C2015_A_RV  First major  Computer and Information Sciences and Support Services  Bachelor's degree),American Indian or Alaska Native women (C2015_A_RV  First major  Computer and Information Sciences and Support Services  Bachelor's degree),Asian total (C2015_A_RV  First major  Computer and Information Sciences and Support Services  Bachelor's degree),Asian men (C2015_A_RV  First major  Computer and Information Sciences and Support Services  Bachelor's degree),Asian women (C2015_A_RV  First major  Computer and Information Sciences and Support Services  Bachelor's degree),Black or African American total (C2015_A_RV  First major  Computer and Information Sciences and Support Services  Bachelor's degree),Black or African American men (C2015_A_RV  First major  Computer and Information Sciences and Support Services  Bachelor's degree),Black or African American women (C2015_A_RV  First major  Computer and Information Sciences and Support Services  Bachelor's degree),Hispanic or Latino total (C2015_A_RV  First major  Computer and Information Sciences and Support Services  Bachelor's degree),Hispanic or Latino men (C2015_A_RV  First major  Computer and Information Sciences and Support Services  Bachelor's degree),Hispanic or Latino women (C2015_A_RV  First major  Computer and Information Sciences and Support Services  Bachelor's degree),Native Hawaiian or Other Pacific Islander total (C2015_A_RV  First major  Computer and Information Sciences and Support Services  Bachelor's degree),Native Hawaiian or Other Pacific Islander men (C2015_A_RV  First major  Computer and Information Sciences and Support Services  Bachelor's degree),Native Hawaiian or Other Pacific Islander women (C2015_A_RV  First major  Computer and Information Sciences and Support Services  Bachelor's degree),White total (C2015_A_RV  First major  Computer and Information Sciences and Support Services  Bachelor's degree),White men (C2015_A_RV  First major  Computer and Information Sciences and Support Services  Bachelor's degree),White women (C2015_A_RV  First major  Computer and Information Sciences and Support Services  Bachelor's degree),Two or more races total (C2015_A_RV  First major  Computer and Information Sciences and Support Services  Bachelor's degree),Two or more races men (C2015_A_RV  First major  Computer and Information Sciences and Support Services  Bachelor's degree),Two or more races women (C2015_A_RV  First major  Computer and Information Sciences and Support Services  Bachelor's degree),Race/ethnicity unknown total (C2015_A_RV  First major  Computer and Information Sciences and Support Services  Bachelor's degree),Race/ethnicity unknown men (C2015_A_RV  First major  Computer and Information Sciences and Support Services  Bachelor's degree),Race/ethnicity unknown women (C2015_A_RV  First major  Computer and Information Sciences and Support Services  Bachelor's degree),Nonresident alien total (C2015_A_RV  First major  Computer and Information Sciences and Support Services  Bachelor's degree),Nonresident alien men (C2015_A_RV  First major  Computer and Information Sciences and Support Services  Bachelor's degree),Nonresident alien women (C2015_A_RV  First major  Computer and Information Sciences and Support Services  Bachelor's degree),Grand total (C2015_A_RV  First major  Engineering Technologies and Engineering-related Fields  Bachelor's degree),Grand total men (C2015_A_RV  First major  Engineering Technologies and Engineering-related Fields  Bachelor's degree),Grand total women (C2015_A_RV  First major  Engineering Technologies and Engineering-related Fields  Bachelor's degree),American Indian or Alaska Native total (C2015_A_RV  First major  Engineering Technologies and Engineering-related Fields  Bachelor's degree),American Indian or Alaska Native men (C2015_A_RV  First major  Engineering Technologies and Engineering-related Fields  Bachelor's degree),American Indian or Alaska Native women (C2015_A_RV  First major  Engineering Technologies and Engineering-related Fields  Bachelor's degree),Asian total (C2015_A_RV  First major  Engineering Technologies and Engineering-related Fields  Bachelor's degree),Asian men (C2015_A_RV  First major  Engineering Technologies and Engineering-related Fields  Bachelor's degree),Asian women (C2015_A_RV  First major  Engineering Technologies and Engineering-related Fields  Bachelor's degree),Black or African American total (C2015_A_RV  First major  Engineering Technologies and Engineering-related Fields  Bachelor's degree),Black or African American men (C2015_A_RV  First major  Engineering Technologies and Engineering-related Fields  Bachelor's degree),Black or African American women (C2015_A_RV  First major  Engineering Technologies and Engineering-related Fields  Bachelor's degree),Hispanic or Latino total (C2015_A_RV  First major  Engineering Technologies and Engineering-related Fields  Bachelor's degree),Hispanic or Latino men (C2015_A_RV  First major  Engineering Technologies and Engineering-related Fields  Bachelor's degree),Hispanic or Latino women (C2015_A_RV  First major  Engineering Technologies and Engineering-related Fields  Bachelor's degree),Native Hawaiian or Other Pacific Islander total (C2015_A_RV  First major  Engineering Technologies and Engineering-related Fields  Bachelor's degree),Native Hawaiian or Other Pacific Islander men (C2015_A_RV  First major  Engineering Technologies and Engineering-related Fields  Bachelor's degree),Native Hawaiian or Other Pacific Islander women (C2015_A_RV  First major  Engineering Technologies and Engineering-related Fields  Bachelor's degree),White total (C2015_A_RV  First major  Engineering Technologies and Engineering-related Fields  Bachelor's degree),White men (C2015_A_RV  First major  Engineering Technologies and Engineering-related Fields  Bachelor's degree),White women (C2015_A_RV  First major  Engineering Technologies and Engineering-related Fields  Bachelor's degree),Two or more races total (C2015_A_RV  First major  Engineering Technologies and Engineering-related Fields  Bachelor's degree),Two or more races men (C2015_A_RV  First major  Engineering Technologies and Engineering-related Fields  Bachelor's degree),Two or more races women (C2015_A_RV  First major  Engineering Technologies and Engineering-related Fields  Bachelor's degree),Race/ethnicity unknown total (C2015_A_RV  First major  Engineering Technologies and Engineering-related Fields  Bachelor's degree),Race/ethnicity unknown men (C2015_A_RV  First major  Engineering Technologies and Engineering-related Fields  Bachelor's degree),Race/ethnicity unknown women (C2015_A_RV  First major  Engineering Technologies and Engineering-related Fields  Bachelor's degree),Nonresident alien total (C2015_A_RV  First major  Engineering Technologies and Engineering-related Fields  Bachelor's degree),Nonresident alien men (C2015_A_RV  First major  Engineering Technologies and Engineering-related Fields  Bachelor's degree),Nonresident alien women (C2015_A_RV  First major  Engineering Technologies and Engineering-related Fields  Bachelor's degree),Grand total (C2015_A_RV  First major  Biological and Biomedical Sciences  Bachelor's degree),Grand total men (C2015_A_RV  First major  Biological and Biomedical Sciences  Bachelor's degree),Grand total women (C2015_A_RV  First major  Biological and Biomedical Sciences  Bachelor's degree),American Indian or Alaska Native total (C2015_A_RV  First major  Biological and Biomedical Sciences  Bachelor's degree),American Indian or Alaska Native men (C2015_A_RV  First major  Biological and Biomedical Sciences  Bachelor's degree),American Indian or Alaska Native women (C2015_A_RV  First major  Biological and Biomedical Sciences  Bachelor's degree),Asian total (C2015_A_RV  First major  Biological and Biomedical Sciences  Bachelor's degree),Asian men (C2015_A_RV  First major  Biological and Biomedical Sciences  Bachelor's degree),Asian women (C2015_A_RV  First major  Biological and Biomedical Sciences  Bachelor's degree),Black or African American total (C2015_A_RV  First major  Biological and Biomedical Sciences  Bachelor's degree),Black or African American men (C2015_A_RV  First major  Biological and Biomedical Sciences  Bachelor's degree),Black or African American women (C2015_A_RV  First major  Biological and Biomedical Sciences  Bachelor's degree),Hispanic or Latino total (C2015_A_RV  First major  Biological and Biomedical Sciences  Bachelor's degree),Hispanic or Latino men (C2015_A_RV  First major  Biological and Biomedical Sciences  Bachelor's degree),Hispanic or Latino women (C2015_A_RV  First major  Biological and Biomedical Sciences  Bachelor's degree),Native Hawaiian or Other Pacific Islander total (C2015_A_RV  First major  Biological and Biomedical Sciences  Bachelor's degree),Native Hawaiian or Other Pacific Islander men (C2015_A_RV  First major  Biological and Biomedical Sciences  Bachelor's degree),Native Hawaiian or Other Pacific Islander women (C2015_A_RV  First major  Biological and Biomedical Sciences  Bachelor's degree),White total (C2015_A_RV  First major  Biological and Biomedical Sciences  Bachelor's degree),White men (C2015_A_RV  First major  Biological and Biomedical Sciences  Bachelor's degree),White women (C2015_A_RV  First major  Biological and Biomedical Sciences  Bachelor's degree),Two or more races total (C2015_A_RV  First major  Biological and Biomedical Sciences  Bachelor's degree),Two or more races men (C2015_A_RV  First major  Biological and Biomedical Sciences  Bachelor's degree),Two or more races women (C2015_A_RV  First major  Biological and Biomedical Sciences  Bachelor's degree),Race/ethnicity unknown total (C2015_A_RV  First major  Biological and Biomedical Sciences  Bachelor's degree),Race/ethnicity unknown men (C2015_A_RV  First major  Biological and Biomedical Sciences  Bachelor's degree),Race/ethnicity unknown women (C2015_A_RV  First major  Biological and Biomedical Sciences  Bachelor's degree),Nonresident alien total (C2015_A_RV  First major  Biological and Biomedical Sciences  Bachelor's degree),Nonresident alien men (C2015_A_RV  First major  Biological and Biomedical Sciences  Bachelor's degree),Nonresident alien women (C2015_A_RV  First major  Biological and Biomedical Sciences  Bachelor's degree),Grand total (C2015_A_RV  First major  Mathematics and Statistics  Bachelor's degree),Grand total men (C2015_A_RV  First major  Mathematics and Statistics  Bachelor's degree),Grand total women (C2015_A_RV  First major  Mathematics and Statistics  Bachelor's degree),American Indian or Alaska Native total (C2015_A_RV  First major  Mathematics and Statistics  Bachelor's degree),American Indian or Alaska Native men (C2015_A_RV  First major  Mathematics and Statistics  Bachelor's degree),American Indian or Alaska Native women (C2015_A_RV  First major  Mathematics and Statistics  Bachelor's degree),Asian total (C2015_A_RV  First major  Mathematics and Statistics  Bachelor's degree),Asian men (C2015_A_RV  First major  Mathematics and Statistics  Bachelor's degree),Asian women (C2015_A_RV  First major  Mathematics and Statistics  Bachelor's degree),Black or African American total (C2015_A_RV  First major  Mathematics and Statistics  Bachelor's degree),Black or African American men (C2015_A_RV  First major  Mathematics and Statistics  Bachelor's degree),Black or African American women (C2015_A_RV  First major  Mathematics and Statistics  Bachelor's degree),Hispanic or Latino total (C2015_A_RV  First major  Mathematics and Statistics  Bachelor's degree),Hispanic or Latino men (C2015_A_RV  First major  Mathematics and Statistics  Bachelor's degree),Hispanic or Latino women (C2015_A_RV  First major  Mathematics and Statistics  Bachelor's degree),Native Hawaiian or Other Pacific Islander total (C2015_A_RV  First major  Mathematics and Statistics  Bachelor's degree),Native Hawaiian or Other Pacific Islander men (C2015_A_RV  First major  Mathematics and Statistics  Bachelor's degree),Native Hawaiian or Other Pacific Islander women (C2015_A_RV  First major  Mathematics and Statistics  Bachelor's degree),White total (C2015_A_RV  First major  Mathematics and Statistics  Bachelor's degree),White men (C2015_A_RV  First major  Mathematics and Statistics  Bachelor's degree),White women (C2015_A_RV  First major  Mathematics and Statistics  Bachelor's degree),Two or more races total (C2015_A_RV  First major  Mathematics and Statistics  Bachelor's degree),Two or more races men (C2015_A_RV  First major  Mathematics and Statistics  Bachelor's degree),Two or more races women (C2015_A_RV  First major  Mathematics and Statistics  Bachelor's degree),Race/ethnicity unknown total (C2015_A_RV  First major  Mathematics and Statistics  Bachelor's degree),Race/ethnicity unknown men (C2015_A_RV  First major  Mathematics and Statistics  Bachelor's degree),Race/ethnicity unknown women (C2015_A_RV  First major  Mathematics and Statistics  Bachelor's degree),Nonresident alien total (C2015_A_RV  First major  Mathematics and Statistics  Bachelor's degree),Nonresident alien men (C2015_A_RV  First major  Mathematics and Statistics  Bachelor's degree),Nonresident alien women (C2015_A_RV  First major  Mathematics and Statistics  Bachelor's degree),Grand total (C2015_A_RV  First major  Physical Sciences  Bachelor's degree),Grand total men (C2015_A_RV  First major  Physical Sciences  Bachelor's degree),Grand total women (C2015_A_RV  First major  Physical Sciences  Bachelor's degree),American Indian or Alaska Native total (C2015_A_RV  First major  Physical Sciences  Bachelor's degree),American Indian or Alaska Native men (C2015_A_RV  First major  Physical Sciences  Bachelor's degree),American Indian or Alaska Native women (C2015_A_RV  First major  Physical Sciences  Bachelor's degree),Asian total (C2015_A_RV  First major  Physical Sciences  Bachelor's degree),Asian men (C2015_A_RV  First major  Physical Sciences  Bachelor's degree),Asian women (C2015_A_RV  First major  Physical Sciences  Bachelor's degree),Black or African American total (C2015_A_RV  First major  Physical Sciences  Bachelor's degree),Black or African American men (C2015_A_RV  First major  Physical Sciences  Bachelor's degree),Black or African American women (C2015_A_RV  First major  Physical Sciences  Bachelor's degree),Hispanic or Latino total (C2015_A_RV  First major  Physical Sciences  Bachelor's degree),Hispanic or Latino men (C2015_A_RV  First major  Physical Sciences  Bachelor's degree),Hispanic or Latino women (C2015_A_RV  First major  Physical Sciences  Bachelor's degree),Native Hawaiian or Other Pacific Islander total (C2015_A_RV  First major  Physical Sciences  Bachelor's degree),Native Hawaiian or Other Pacific Islander men (C2015_A_RV  First major  Physical Sciences  Bachelor's degree),Native Hawaiian or Other Pacific Islander women (C2015_A_RV  First major  Physical Sciences  Bachelor's degree),White total (C2015_A_RV  First major  Physical Sciences  Bachelor's degree),White men (C2015_A_RV  First major  Physical Sciences  Bachelor's degree),White women (C2015_A_RV  First major  Physical Sciences  Bachelor's degree),Two or more races total (C2015_A_RV  First major  Physical Sciences  Bachelor's degree),Two or more races men (C2015_A_RV  First major  Physical Sciences  Bachelor's degree),Two or more races women (C2015_A_RV  First major  Physical Sciences  Bachelor's degree),Race/ethnicity unknown total (C2015_A_RV  First major  Physical Sciences  Bachelor's degree),Race/ethnicity unknown men (C2015_A_RV  First major  Physical Sciences  Bachelor's degree),Race/ethnicity unknown women (C2015_A_RV  First major  Physical Sciences  Bachelor's degree),Nonresident alien total (C2015_A_RV  First major  Physical Sciences  Bachelor's degree),Nonresident alien men (C2015_A_RV  First major  Physical Sciences  Bachelor's degree),Nonresident alien women (C2015_A_RV  First major  Physical Sciences  Bachelor's degree),Grand total (C2015_A_RV  First major  Science Technologies/Technicians  Bachelor's degree),Grand total men (C2015_A_RV  First major  Science Technologies/Technicians  Bachelor's degree),Grand total women (C2015_A_RV  First major  Science Technologies/Technicians  Bachelor's degree),American Indian or Alaska Native total (C2015_A_RV  First major  Science Technologies/Technicians  Bachelor's degree),American Indian or Alaska Native men (C2015_A_RV  First major  Science Technologies/Technicians  Bachelor's degree),American Indian or Alaska Native women (C2015_A_RV  First major  Science Technologies/Technicians  Bachelor's degree),Asian total (C2015_A_RV  First major  Science Technologies/Technicians  Bachelor's degree),Asian men (C2015_A_RV  First major  Science Technologies/Technicians  Bachelor's degree),Asian women (C2015_A_RV  First major  Science Technologies/Technicians  Bachelor's degree),Black or African American total (C2015_A_RV  First major  Science Technologies/Technicians  Bachelor's degree),Black or African American men (C2015_A_RV  First major  Science Technologies/Technicians  Bachelor's degree),Black or African American women (C2015_A_RV  First major  Science Technologies/Technicians  Bachelor's degree),Hispanic or Latino total (C2015_A_RV  First major  Science Technologies/Technicians  Bachelor's degree),Hispanic or Latino men (C2015_A_RV  First major  Science Technologies/Technicians  Bachelor's degree),Hispanic or Latino women (C2015_A_RV  First major  Science Technologies/Technicians  Bachelor's degree),Native Hawaiian or Other Pacific Islander total (C2015_A_RV  First major  Science Technologies/Technicians  Bachelor's degree),Native Hawaiian or Other Pacific Islander men (C2015_A_RV  First major  Science Technologies/Technicians  Bachelor's degree),Native Hawaiian or Other Pacific Islander women (C2015_A_RV  First major  Science Technologies/Technicians  Bachelor's degree),White total (C2015_A_RV  First major  Science Technologies/Technicians  Bachelor's degree),White men (C2015_A_RV  First major  Science Technologies/Technicians  Bachelor's degree),White women (C2015_A_RV  First major  Science Technologies/Technicians  Bachelor's degree),Two or more races total (C2015_A_RV  First major  Science Technologies/Technicians  Bachelor's degree),Two or more races men (C2015_A_RV  First major  Science Technologies/Technicians  Bachelor's degree),Two or more races women (C2015_A_RV  First major  Science Technologies/Technicians  Bachelor's degree),Race/ethnicity unknown total (C2015_A_RV  First major  Science Technologies/Technicians  Bachelor's degree),Race/ethnicity unknown men (C2015_A_RV  First major  Science Technologies/Technicians  Bachelor's degree),Race/ethnicity unknown women (C2015_A_RV  First major  Science Technologies/Technicians  Bachelor's degree),Nonresident alien total (C2015_A_RV  First major  Science Technologies/Technicians  Bachelor's degree),Nonresident alien men (C2015_A_RV  First major  Science Technologies/Technicians  Bachelor's degree),Nonresident alien women (C2015_A_RV  First major  Science Technologies/Technicians  Bachelor's degree)
488031,Abraham Lincoln University,,,,,,,,,,,,,,,,,,,,,,,,,,,,,,,,,,,,,,,,,,,,,,,,,,,,,,,,,,,,,,,,,,,,,,,,,,,,,,,,,,,,,,,,,,,,,,,,,,,,,,,,,,,,,,,,,,,,,,,,,,,,,,,,,,,,,,,,,,,,,,,,,,,,,,,,,,,,,,,,,,,,,,,,,,,,,,,,,,,,,,,,,,,,,,,,,,,,,,,,,,,,,,,,,,,,,,,,,,,,,,,,,,,,,,,,,,,,,,,,,,,,,,,,,,,,,,,,,,,,,,,,,,,,,,
457688,American Business and Technology University,2,R,2,R,0,R,0,R,0,R,0,R,0,R,0,R,0,R,0,R,0,R,0,R,0,R,0,R,0,R,0,R,0,R,0,R,0,R,0,R,0,R,0,R,0,R,0,R,2,R,2,R,0,R,0,R,0,R,0,R,,,,,,,,,,,,,,,,,,,,,,,,,,,,,,,1,1,0,0,0,0,0,0,0,0,0,0,0,0,0,0,0,0,0,0,0,0,0,0,1,1,0,0,0,0,,,,,,,,,,,,,,,,,,,,,,,,,,,,,,,,,,,,,,,,,,,,,,,,,,,,,,,,,,,,,,,,,,,,,,,,,,,,,,,,,,,,,,,,,,,,,,,,,,,,,,,,,,,,,,,,,,,,,,,,,,,,,,,,,,,,,,,,,,,,,,,,,,,,,,
449889,American College of Education,,,,,,,,,,,,,,,,,,,,,,,,,,,,,,,,,,,,,,,,,,,,,,,,,,,,,,,,,,,,,,,,,,,,,,,,,,,,,,,,,,,,,,,,,,,,,,,,,,,,,,,,,,,,,,,,,,,,,,,,,,,,,,,,,,,,,,,,,,,,,,,,,,,,,,,,,,,,,,,,,,,,,,,,,,,,,,,,,,,,,,,,,,,,,,,,,,,,,,,,,,,,,,,,,,,,,,,,,,,,,,,,,,,,,,,,,,,,,,,,,,,,,,,,,,,,,,,,,,,,,,,,,,,,,,
443599,American College of Healthcare Sciences,,,,,,,,,,,,,,,,,,,,,,,,,,,,,,,,,,,,,,,,,,,,,,,,,,,,,,,,,,,,,,,,,,,,,,,,,,,,,,,,,,,,,,,,,,,,,,,,,,,,,,,,,,,,,,,,,,,,,,,,,,,,,,,,,,,,,,,,,,,,,,,,,,,,,,,,,,,,,,,,,,,,,,,,,,,,,,,,,,,,,,,,,,,,,,,,,,,,,,,,,,,,,,,,,,,,,,,,,,,,,,,,,,,,,,,,,,,,,,,,,,,,,,,,,,,,,,,,,,,,,,,,,,,,,,
445027,American InterContinental University,1607,R,636,R,971,R,11,R,3,R,8,R,29,R,12,R,17,R,553,R,204,R,349,R,134,R,49,R,85,R,17,R,3,R,14,R,740,R,319,R,421,R,69,R,20,R,49,R,54,R,26,R,28,R,0,R,0,R,0,R,,,,,,,,,,,,,,,,,,,,,,,,,,,,,,,146,118,28,2,1,1,3,3,0,36,29,7,7,7,0,2,0,2,84,68,16,6,5,1,6,5,1,0,0,0,,,,,,,,,,,,,,,,,,,,,,,,,,,,,,,,,,,,,,,,,,,,,,,,,,,,,,,,,,,,,,,,,,,,,,,,,,,,,,,,,,,,,,,,,,,,,,,,,,,,,,,,,,,,,,,,,,,,,,,,,,,,,,,,,,,,,,,,,,,,,,,,,,,,,,
449339,American Public University System,5258,R,3488,R,1770,R,26,R,20,R,6,R,103,R,62,R,41,R,771,R,454,R,317,R,487,R,312,R,175,R,57,R,29,R,28,R,3394,R,2350,R,1044,R,153,R,95,R,58,R,212,R,142,R,70,R,55,R,24,R,31,R,,,,,,,,,,,,,,,,,,,,,,,,,,,,,,,510,423,87,1,1,0,18,14,4,80,58,22,38,31,7,2,1,1,326,283,43,20,17,3,17,15,2,8,3,5,46,35,11,0,0,0,1,1,0,4,0,4,3,3,0,0,0,0,34,27,7,3,3,0,1,1,0,0,0,0,,,,,,,,,,,,,,,,,,,,,,,,,,,,,,,,,,,,,,,,,,,,,,,,,,,,,,,,,,,,,,,,,,,,,,,,,,,,,,,,,,,,,,,,,,,,,,,,,,,,,,,,,,,,,,,,,,,,,,,,
460738,American Sentinel University,842,R,99,R,743,R,3,R,1,R,2,R,144,R,14,R,130,R,95,R,16,R,79,R,16,R,5,R,11,R,1,R,0,R,1,R,501,R,45,R,456,R,27,R,1,R,26,R,55,R,17,R,38,R,0,R,0,R,0,R,,,,,,,,,,,,,,,,,,,,,,,,,,,,,,,24,22,2,0,0,0,0,0,0,3,3,0,1,1,0,0,0,0,9,9,0,0,0,0,11,9,2,0,0,0,,,,,,,,,,,,,,,,,,,,,,,,,,,,,,,,,,,,,,,,,,,,,,,,,,,,,,,,,,,,,,,,,,,,,,,,,,,,,,,,,,,,,,,,,,,,,,,,,,,,,,,,,,,,,,,,,,,,,,,,,,,,,,,,,,,,,,,,,,,,,,,,,,,,,,
100690,Amridge University,50,R,27,R,23,R,0,Z,0,Z,0,Z,0,Z,0,Z,0,Z,18,R,7,R,11,R,0,Z,0,Z,0,Z,0,Z,0,Z,0,Z,26,R,16,R,10,R,0,Z,0,Z,0,Z,6,R,4,R,2,R,0,Z,0,Z,0,Z,,,,,,,,,,,,,,,,,,,,,,,,,,,,,,,,,,,,,,,,,,,,,,,,,,,,,,,,,,,,,,,,,,,,,,,,,,,,,,,,,,,,,,,,,,,,,,,,,,,,,,,,,,,,,,,,,,,,,,,,,,,,,,,,,,,,,,,,,,,,,,,,,,,,,,,,,,,,,,,,,,,,,,,,,,,,,,,,,,,,,,,,,,,,,,,,,,,,,,,,,,,,,,,,,,
485908,Antioch University Online,0,R,0,R,0,R,0,R,0,R,0,R,0,R,0,R,0,R,0,R,0,R,0,R,0,R,0,R,0,R,0,R,0,R,0,R,0,R,0,R,0,R,0,R,0,R,0,R,0,R,0,R,0,R,0,R,0,R,0,R,,,,,,,,,,,,,,,,,,,,,,,,,,,,,,,,,,,,,,,,,,,,,,,,,,,,,,,,,,,,,,,,,,,,,,,,,,,,,,,,,,,,,,,,,,,,,,,,,,,,,,,,,,,,,,,,,,,,,,,,,,,,,,,,,,,,,,,,,,,,,,,,,,,,,,,,,,,,,,,,,,,,,,,,,,,,,,,,,,,,,,,,,,,,,,,,,,,,,,,,,,,,,,,,,,
483124,Arizona State University Digital Immersion,1749,R,587,R,1162,R,21,R,7,R,14,R,66,R,28,R,38,R,111,R,39,R,72,R,286,R,109,R,177,R,6,R,2,R,4,R,1184,R,375,R,809,R,56,R,16,R,40,R,18,R,10,R,8,R,1,R,1,R,0,R,,,,,,,,,,,,,,,,,,,,,,,,,,,,,,,,,,,,,,,,,,,,,,,,,,,,,,,,,,,,,3,2,1,0,0,0,0,0,0,0,0,0,1,1,0,0,0,0,1,0,1,0,0,0,1,1,0,0,0,0,7,3,4,0,0,0,0,0,0,0,0,0,0,0,0,0,0,0,7,3,4,0,0,0,0,0,0,0,0,0,,,,,,,,,,,,,,,,,,,,,,,,,,,,,,,,,,,,,,,,,,,,,,,,,,,,,,,,,,,,,60,29,31,1,0,1,1,1,0,4,3,1,11,4,7,0,0,0,42,21,21,1,0,1,0,0,0,0,0,0
154022,Ashford University,10987,R,3571,R,7416,R,108,R,28,R,80,R,152,R,61,R,91,R,3293,R,869,R,2424,R,1075,R,380,R,695,R,77,R,27,R,50,R,5742,R,2015,R,3727,R,311,R,105,R,206,R,206,R,70,R,136,R,23,R,16,R,7,R,,,,,,,,,,,,,,,,,,,,,,,,,,,,,,,7,2,5,0,0,0,0,0,0,0,0,0,0,0,0,0,0,0,5,1,4,0,0,0,0,0,0,2,1,1,,,,,,,,,,,,,,,,,,,,,,,,,,,,,,,8,5,3,0,0,0,0,0,0,0,0,0,3,2,1,0,0,0,5,3,2,0,0,0,0,0,0,0,0,0,,,,,,,,,,,,,,,,,,,,,,,,,,,,,,,,,,,,,,,,,,,,,,,,,,,,,,,,,,,,,,,,,,,,,,,,,,,,,,,,,,,,,,,,,,
480091,Bryant & Stratton College-Online,65,R,8,R,57,R,1,R,0,R,1,R,0,R,0,R,0,R,13,R,1,R,12,R,2,R,0,R,2,R,0,R,0,R,0,R,47,R,7,R,40,R,1,R,0,R,1,R,1,R,0,R,1,R,0,R,0,R,0,R,,,,,,,,,,,,,,,,,,,,,,,,,,,,,,,,,,,,,,,,,,,,,,,,,,,,,,,,,,,,,,,,,,,,,,,,,,,,,,,,,,,,,,,,,,,,,,,,,,,,,,,,,,,,,,,,,,,,,,,,,,,,,,,,,,,,,,,,,,,,,,,,,,,,,,,,,,,,,,,,,,,,,,,,,,,,,,,,,,,,,,,,,,,,,,,,,,,,,,,,,,,,,,,,,,
485546,California Intercontinental University,5,R,4,R,1,R,0,R,0,R,0,R,1,R,0,R,1,R,0,R,0,R,0,R,1,R,1,R,0,R,0,R,0,R,0,R,1,R,1,R,0,R,1,R,1,R,0,R,1,R,1,R,0,R,0,R,0,R,0,R,,,,,,,,,,,,,,,,,,,,,,,,,,,,,,,2,2,0,0,0,0,0,0,0,0,0,0,1,1,0,0,0,0,0,0,0,1,1,0,0,0,0,0,0,0,,,,,,,,,,,,,,,,,,,,,,,,,,,,,,,,,,,,,,,,,,,,,,,,,,,,,,,,,,,,,,,,,,,,,,,,,,,,,,,,,,,,,,,,,,,,,,,,,,,,,,,,,,,,,,,,,,,,,,,,,,,,,,,,,,,,,,,,,,,,,,,,,,,,,,
413413,Capella University,1280,R,462,R,818,R,5,R,1,R,4,R,31,R,13,R,18,R,206,R,50,R,156,R,88,R,28,R,60,R,9,R,1,R,8,R,678,R,265,R,413,R,24,R,9,R,15,R,231,R,90,R,141,R,8,R,5,R,3,R,,,,,,,,,,,,,,,,,,,,,,,,,,,,,,,254,199,55,1,1,0,10,9,1,23,16,7,13,12,1,0,0,0,145,115,30,3,3,0,54,38,16,5,5,0,,,,,,,,,,,,,,,,,,,,,,,,,,,,,,,,,,,,,,,,,,,,,,,,,,,,,,,,,,,,,,,,,,,,,,,,,,,,,,,,,,,,,,,,,,,,,,,,,,,,,,,,,,,,,,,,,,,,,,,,,,,,,,,,,,,,,,,,,,,,,,,,,,,,,,
475398,Catholic Distance University,18,R,7,R,11,R,0,Z,0,Z,0,Z,0,Z,0,Z,0,Z,0,Z,0,Z,0,Z,1,R,1,R,0,Z,0,Z,0,Z,0,Z,5,R,1,R,4,R,0,Z,0,Z,0,Z,12,R,5,R,7,R,0,Z,0,Z,0,Z,,,,,,,,,,,,,,,,,,,,,,,,,,,,,,,,,,,,,,,,,,,,,,,,,,,,,,,,,,,,,,,,,,,,,,,,,,,,,,,,,,,,,,,,,,,,,,,,,,,,,,,,,,,,,,,,,,,,,,,,,,,,,,,,,,,,,,,,,,,,,,,,,,,,,,,,,,,,,,,,,,,,,,,,,,,,,,,,,,,,,,,,,,,,,,,,,,,,,,,,,,,,,,,,,,
128780,Charter Oak State College,454,R,168,R,286,R,0,R,0,R,0,R,12,R,4,R,8,R,56,R,17,R,39,R,43,R,13,R,30,R,0,R,0,R,0,R,323,R,123,R,200,R,8,R,4,R,4,R,6,R,4,R,2,R,6,R,3,R,3,R,,,,,,,,,,,,,,,,,,,,,,,,,,,,,,,0,0,0,0,0,0,0,0,0,0,0,0,0,0,0,0,0,0,0,0,0,0,0,0,0,0,0,0,0,0,,,,,,,,,,,,,,,,,,,,,,,,,,,,,,,,,,,,,,,,,,,,,,,,,,,,,,,,,,,,,,,,,,,,,,,,,,,,,,,,,,,,,,,,,,,,,,,,,,,,,,,,,,,,,,,,,,,,,,,,,,,,,,,,,,,,,,,,,,,,,,,,,,,,,,
457697,City Vision University,13,R,5,R,8,R,0,Z,0,Z,0,Z,0,Z,0,Z,0,Z,2,R,1,R,1,R,1,R,0,Z,1,R,0,Z,0,Z,0,Z,10,R,4,R,6,R,0,Z,0,Z,0,Z,0,Z,0,Z,0,Z,0,Z,0,Z,0,Z,,,,,,,,,,,,,,,,,,,,,,,,,,,,,,,,,,,,,,,,,,,,,,,,,,,,,,,,,,,,,,,,,,,,,,,,,,,,,,,,,,,,,,,,,,,,,,,,,,,,,,,,,,,,,,,,,,,,,,,,,,,,,,,,,,,,,,,,,,,,,,,,,,,,,,,,,,,,,,,,,,,,,,,,,,,,,,,,,,,,,,,,,,,,,,,,,,,,,,,,,,,,,,,,,,
488387,Claremont Lincoln University,,,,,,,,,,,,,,,,,,,,,,,,,,,,,,,,,,,,,,,,,,,,,,,,,,,,,,,,,,,,,,,,,,,,,,,,,,,,,,,,,,,,,,,,,,,,,,,,,,,,,,,,,,,,,,,,,,,,,,,,,,,,,,,,,,,,,,,,,,,,,,,,,,,,,,,,,,,,,,,,,,,,,,,,,,,,,,,,,,,,,,,,,,,,,,,,,,,,,,,,,,,,,,,,,,,,,,,,,,,,,,,,,,,,,,,,,,,,,,,,,,,,,,,,,,,,,,,,,,,,,,,,,,,,,,
476975,Colorado State University-Global Campus,1334,R,667,R,667,R,15,R,8,R,7,R,39,R,15,R,24,R,69,R,31,R,38,R,122,R,56,R,66,R,5,R,3,R,2,R,973,R,490,R,483,R,11,R,3,R,8,R,99,R,60,R,39,R,1,R,1,R,0,R,,,,,,,,,,,,,,,,,,,,,,,,,,,,,,,224,183,41,2,2,0,11,6,5,21,15,6,13,12,1,1,1,0,150,127,23,3,1,2,22,18,4,1,1,0,,,,,,,,,,,,,,,,,,,,,,,,,,,,,,,,,,,,,,,,,,,,,,,,,,,,,,,,,,,,,,,,,,,,,,,,,,,,,,,,,,,,,,,,,,,,,,,,,,,,,,,,,,,,,,,,,,,,,,,,,,,,,,,,,,,,,,,,,,,,,,,,,,,,,,
450933,Columbia Southern University,3242,R,2111,R,1131,R,29,R,23,R,6,R,56,R,28,R,28,R,682,R,316,R,366,R,208,R,146,R,62,R,7,R,3,R,4,R,1913,R,1355,R,558,R,81,R,46,R,35,R,265,R,194,R,71,R,1,R,0,R,1,R,,,,,,,,,,,,,,,,,,,,,,,,,,,,,,,141,113,28,1,1,0,3,3,0,33,19,14,12,12,0,0,0,0,74,61,13,4,4,0,14,13,1,0,0,0,683,538,145,12,9,3,10,7,3,87,63,24,50,42,8,3,2,1,454,362,92,18,12,6,49,41,8,0,0,0,,,,,,,,,,,,,,,,,,,,,,,,,,,,,,,,,,,,,,,,,,,,,,,,,,,,,,,,,,,,,,,,,,,,,,,,,,,,,,,,,,,,,,,,,,,,,,,,,,,,,,,,,,,,,,,,,,,,,,,,
196680,Excelsior College,2750,R,1545,R,1205,R,17,R,13,R,4,R,78,R,38,R,40,R,379,R,211,R,168,R,200,R,131,R,69,R,10,R,7,R,3,R,1868,R,1020,R,848,R,73,R,46,R,27,R,39,R,30,R,9,R,86,R,49,R,37,R,,,,,,,,,,,,,,,,,,,,,,,,,,,,,,,31,30,1,1,1,0,1,0,1,6,6,0,1,1,0,0,0,0,19,19,0,1,1,0,0,0,0,2,2,0,210,187,23,2,2,0,5,4,1,8,6,2,12,9,3,0,0,0,175,159,16,6,5,1,2,2,0,0,0,0,13,6,7,0,0,0,1,0,1,1,0,1,0,0,0,0,0,0,10,6,4,0,0,0,1,0,1,0,0,0,1,0,1,0,0,0,0,0,0,0,0,0,0,0,0,0,0,0,1,0,1,0,0,0,0,0,0,0,0,0,1,1,0,0,0,0,0,0,0,0,0,0,0,0,0,0,0,0,1,1,0,0,0,0,0,0,0,0,0,0,45,38,7,0,0,0,0,0,0,4,0,4,0,0,0,0,0,0,38,36,2,2,1,1,1,1,0,0,0,0
480569,Florida Institute of Technology-Online,292,R,118,R,174,R,4,R,1,R,3,R,6,R,1,R,5,R,47,R,21,R,26,R,21,R,12,R,9,R,3,R,2,R,1,R,177,R,72,R,105,R,1,R,1,R,0,Z,28,R,6,R,22,R,5,R,2,R,3,R,,,,,,,,,,,,,,,,,,,,,,,,,,,,,,,56,40,16,1,0,1,2,1,1,7,5,2,5,4,1,0,0,0,34,26,8,0,0,0,5,3,2,2,1,1,,,,,,,,,,,,,,,,,,,,,,,,,,,,,,,,,,,,,,,,,,,,,,,,,,,,,,,,,,,,,,,,,,,,,,,,,,,,,,,,,,,,,,,,,,,,,,,,,,,,,,,,,,,,,,,,,,,,,,,,,,,,,,,,,,,,,,,,,,,,,,,,,,,,,,
156727,Frontier Nursing University,,,,,,,,,,,,,,,,,,,,,,,,,,,,,,,,,,,,,,,,,,,,,,,,,,,,,,,,,,,,,,,,,,,,,,,,,,,,,,,,,,,,,,,,,,,,,,,,,,,,,,,,,,,,,,,,,,,,,,,,,,,,,,,,,,,,,,,,,,,,,,,,,,,,,,,,,,,,,,,,,,,,,,,,,,,,,,,,,,,,,,,,,,,,,,,,,,,,,,,,,,,,,,,,,,,,,,,,,,,,,,,,,,,,,,,,,,,,,,,,,,,,,,,,,,,,,,,,,,,,,,,,,,,,,,
481030,Future Generations University,,,,,,,,,,,,,,,,,,,,,,,,,,,,,,,,,,,,,,,,,,,,,,,,,,,,,,,,,,,,,,,,,,,,,,,,,,,,,,,,,,,,,,,,,,,,,,,,,,,,,,,,,,,,,,,,,,,,,,,,,,,,,,,,,,,,,,,,,,,,,,,,,,,,,,,,,,,,,,,,,,,,,,,,,,,,,,,,,,,,,,,,,,,,,,,,,,,,,,,,,,,,,,,,,,,,,,,,,,,,,,,,,,,,,,,,,,,,,,,,,,,,,,,,,,,,,,,,,,,,,,,,,,,,,,
442569,Grantham University,1061,R,771,R,290,R,7,R,7,R,0,R,18,R,15,R,3,R,247,R,168,R,79,R,89,R,60,R,29,R,3,R,3,R,0,R,568,R,427,R,141,R,25,R,20,R,5,R,104,R,71,R,33,R,0,R,0,R,0,R,,,,,,,,,,,,,,,,,,,,,,,,,,,,,,,128,108,20,1,1,0,1,1,0,30,21,9,9,7,2,0,0,0,76,69,7,1,1,0,10,8,2,0,0,0,132,122,10,2,2,0,2,2,0,15,13,2,6,5,1,0,0,0,90,85,5,8,7,1,9,8,1,0,0,0,,,,,,,,,,,,,,,,,,,,,,,,,,,,,,,,,,,,,,,,,,,,,,,,,,,,,,,,,,,,,,,,,,,,,,,,,,,,,,,,,,,,,,,,,,,,,,,,,,,,,,,,,,,,,,,,,,,,,,,,
198677,Heritage Bible College,10,R,5,R,5,R,0,R,0,R,0,R,0,R,0,R,0,R,2,R,1,R,1,R,0,R,0,R,0,R,0,R,0,R,0,R,8,R,4,R,4,R,0,R,0,R,0,R,0,R,0,R,0,R,0,R,0,R,0,R,,,,,,,,,,,,,,,,,,,,,,,,,,,,,,,,,,,,,,,,,,,,,,,,,,,,,,,,,,,,,,,,,,,,,,,,,,,,,,,,,,,,,,,,,,,,,,,,,,,,,,,,,,,,,,,,,,,,,,,,,,,,,,,,,,,,,,,,,,,,,,,,,,,,,,,,,,,,,,,,,,,,,,,,,,,,,,,,,,,,,,,,,,,,,,,,,,,,,,,,,,,,,,,,,,
488068,Huntington University of Health Sciences,,,,,,,,,,,,,,,,,,,,,,,,,,,,,,,,,,,,,,,,,,,,,,,,,,,,,,,,,,,,,,,,,,,,,,,,,,,,,,,,,,,,,,,,,,,,,,,,,,,,,,,,,,,,,,,,,,,,,,,,,,,,,,,,,,,,,,,,,,,,,,,,,,,,,,,,,,,,,,,,,,,,,,,,,,,,,,,,,,,,,,,,,,,,,,,,,,,,,,,,,,,,,,,,,,,,,,,,,,,,,,,,,,,,,,,,,,,,,,,,,,,,,,,,,,,,,,,,,,,,,,,,,,,,,,
493363,Institute of Lutheran Theology,,,,,,,,,,,,,,,,,,,,,,,,,,,,,,,,,,,,,,,,,,,,,,,,,,,,,,,,,,,,,,,,,,,,,,,,,,,,,,,,,,,,,,,,,,,,,,,,,,,,,,,,,,,,,,,,,,,,,,,,,,,,,,,,,,,,,,,,,,,,,,,,,,,,,,,,,,,,,,,,,,,,,,,,,,,,,,,,,,,,,,,,,,,,,,,,,,,,,,,,,,,,,,,,,,,,,,,,,,,,,,,,,,,,,,,,,,,,,,,,,,,,,,,,,,,,,,,,,,,,,,,,,,,,,,
485519,International Sports Sciences Association,,,,,,,,,,,,,,,,,,,,,,,,,,,,,,,,,,,,,,,,,,,,,,,,,,,,,,,,,,,,,,,,,,,,,,,,,,,,,,,,,,,,,,,,,,,,,,,,,,,,,,,,,,,,,,,,,,,,,,,,,,,,,,,,,,,,,,,,,,,,,,,,,,,,,,,,,,,,,,,,,,,,,,,,,,,,,,,,,,,,,,,,,,,,,,,,,,,,,,,,,,,,,,,,,,,,,,,,,,,,,,,,,,,,,,,,,,,,,,,,,,,,,,,,,,,,,,,,,,,,,,,,,,,,,,
460349,Johnson & Wales University-Online,45,R,15,R,30,R,0,R,0,R,0,R,1,R,0,R,1,R,4,R,2,R,2,R,5,R,2,R,3,R,0,R,0,R,0,R,26,R,11,R,15,R,0,R,0,R,0,R,9,R,0,R,9,R,0,R,0,R,0,R,,,,,,,,,,,,,,,,,,,,,,,,,,,,,,,,,,,,,,,,,,,,,,,,,,,,,,,,,,,,,,,,,,,,,,,,,,,,,,,,,,,,,,,,,,,,,,,,,,,,,,,,,,,,,,,,,,,,,,,,,,,,,,,,,,,,,,,,,,,,,,,,,,,,,,,,,,,,,,,,,,,,,,,,,,,,,,,,,,,,,,,,,,,,,,,,,,,,,,,,,,,,,,,,,,
474863,Los Angeles Pacific University,32,R,9,R,23,R,0,R,0,R,0,R,1,R,0,R,1,R,7,R,1,R,6,R,12,R,5,R,7,R,0,R,0,R,0,R,9,R,2,R,7,R,1,R,1,R,0,R,2,R,0,R,2,R,0,R,0,R,0,R,,,,,,,,,,,,,,,,,,,,,,,,,,,,,,,,,,,,,,,,,,,,,,,,,,,,,,,,,,,,,,,,,,,,,,,,,,,,,,,,,,,,,,,,,,,,,,,,,,,,,,,,,,,,,,,,,,,,,,,,,,,,,,,,,,,,,,,,,,,,,,,,,,,,,,,,,,,,,,,,,,,,,,,,,,,,,,,,,,,,,,,,,,,,,,,,,,,,,,,,,,,,,,,,,,
480985,Midwives College of Utah,7,R,0,Z,7,R,0,Z,0,Z,0,Z,0,Z,0,Z,0,Z,0,Z,0,Z,0,Z,0,Z,0,Z,0,Z,0,Z,0,Z,0,Z,7,R,0,Z,7,R,0,Z,0,Z,0,Z,0,Z,0,Z,0,Z,0,Z,0,Z,0,Z,,,,,,,,,,,,,,,,,,,,,,,,,,,,,,,,,,,,,,,,,,,,,,,,,,,,,,,,,,,,,,,,,,,,,,,,,,,,,,,,,,,,,,,,,,,,,,,,,,,,,,,,,,,,,,,,,,,,,,,,,,,,,,,,,,,,,,,,,,,,,,,,,,,,,,,,,,,,,,,,,,,,,,,,,,,,,,,,,,,,,,,,,,,,,,,,,,,,,,,,,,,,,,,,,,
219204,National American University-Rapid City,96,R,37,R,59,R,5,R,3,R,2,R,5,R,1,R,4,R,10,R,3,R,7,R,5,R,0,R,5,R,4,R,3,R,1,R,61,R,24,R,37,R,4,R,2,R,2,R,2,R,1,R,1,R,0,R,0,R,0,R,,,,,,,,,,,,,,,,,,,,,,,,,,,,,,,23,18,5,2,2,0,2,1,1,3,2,1,0,0,0,3,3,0,12,10,2,1,0,1,0,0,0,0,0,0,,,,,,,,,,,,,,,,,,,,,,,,,,,,,,,,,,,,,,,,,,,,,,,,,,,,,,,,,,,,,,,,,,,,,,,,,,,,,,,,,,,,,,,,,,,,,,,,,,,,,,,,,,,,,,,,,,,,,,,,,,,,,,,,,,,,,,,,,,,,,,,,,,,,,,
461023,National Paralegal College,84,R,12,R,72,R,1,R,0,Z,1,R,1,R,0,Z,1,R,5,R,0,Z,5,R,2,R,2,R,0,Z,2,R,0,Z,2,R,31,R,3,R,28,R,3,R,1,R,2,R,39,R,6,R,33,R,0,Z,0,Z,0,Z,,,,,,,,,,,,,,,,,,,,,,,,,,,,,,,,,,,,,,,,,,,,,,,,,,,,,,,,,,,,,,,,,,,,,,,,,,,,,,,,,,,,,,,,,,,,,,,,,,,,,,,,,,,,,,,,,,,,,,,,,,,,,,,,,,,,,,,,,,,,,,,,,,,,,,,,,,,,,,,,,,,,,,,,,,,,,,,,,,,,,,,,,,,,,,,,,,,,,,,,,,,,,,,,,,
127714,Nazarene Bible College,56,R,30,R,26,R,2,R,2,R,0,R,1,R,1,R,0,R,6,R,4,R,2,R,0,R,0,R,0,R,0,R,0,R,0,R,44,R,22,R,22,R,3,R,1,R,2,R,0,R,0,R,0,R,0,R,0,R,0,R,,,,,,,,,,,,,,,,,,,,,,,,,,,,,,,,,,,,,,,,,,,,,,,,,,,,,,,,,,,,,,,,,,,,,,,,,,,,,,,,,,,,,,,,,,,,,,,,,,,,,,,,,,,,,,,,,,,,,,,,,,,,,,,,,,,,,,,,,,,,,,,,,,,,,,,,,,,,,,,,,,,,,,,,,,,,,,,,,,,,,,,,,,,,,,,,,,,,,,,,,,,,,,,,,,
444130,Northcentral University,57,R,11,R,46,R,0,Z,0,Z,0,Z,1,R,0,Z,1,R,7,R,1,R,6,R,4,R,1,R,3,R,0,Z,0,Z,0,Z,27,R,3,R,24,R,2,R,1,R,1,R,16,R,5,R,11,R,0,Z,0,Z,0,Z,,,,,,,,,,,,,,,,,,,,,,,,,,,,,,,,,,,,,,,,,,,,,,,,,,,,,,,,,,,,,,,,,,,,,,,,,,,,,,,,,,,,,,,,,,,,,,,,,,,,,,,,,,,,,,,,,,,,,,,,,,,,,,,,,,,,,,,,,,,,,,,,,,,,,,,,,,,,,,,,,,,,,,,,,,,,,,,,,,,,,,,,,,,,,,,,,,,,,,,,,,,,,,,,,,
454582,Ottawa University-Online,139,R,51,R,88,R,8,R,2,R,6,R,4,R,3,R,1,R,15,R,4,R,11,R,5,R,4,R,1,R,0,Z,0,Z,0,Z,93,R,32,R,61,R,5,R,0,Z,5,R,9,R,6,R,3,R,0,Z,0,Z,0,Z,,,,,,,,,,,,,,,,,,,,,,,,,,,,,,,,,,,,,,,,,,,,,,,,,,,,,,,,,,,,,,,,,,,,,,,,,,,,,,,,,,,,,,,,,,,,,,,,,,,,,,,,,,,,,,,,,,,,,,,,,17,11,6,1,0,1,2,2,0,2,2,0,2,1,1,0,0,0,9,5,4,0,0,0,1,1,0,0,0,0,,,,,,,,,,,,,,,,,,,,,,,,,,,,,,,,,,,,,,,,,,,,,,,,,,,,,,,,,,,,
495916,Pathways College,,,,,,,,,,,,,,,,,,,,,,,,,,,,,,,,,,,,,,,,,,,,,,,,,,,,,,,,,,,,,,,,,,,,,,,,,,,,,,,,,,,,,,,,,,,,,,,,,,,,,,,,,,,,,,,,,,,,,,,,,,,,,,,,,,,,,,,,,,,,,,,,,,,,,,,,,,,,,,,,,,,,,,,,,,,,,,,,,,,,,,,,,,,,,,,,,,,,,,,,,,,,,,,,,,,,,,,,,,,,,,,,,,,,,,,,,,,,,,,,,,,,,,,,,,,,,,,,,,,,,,,,,,,,,,
460783,Remington College-Heathrow Campus,44,R,12,R,32,R,0,Z,0,Z,0,Z,0,Z,0,Z,0,Z,20,R,5,R,15,R,7,R,3,R,4,R,1,R,0,Z,1,R,13,R,3,R,10,R,2,R,0,Z,2,R,1,R,1,R,0,Z,0,Z,0,Z,0,Z,,,,,,,,,,,,,,,,,,,,,,,,,,,,,,,,,,,,,,,,,,,,,,,,,,,,,,,,,,,,,,,,,,,,,,,,,,,,,,,,,,,,,,,,,,,,,,,,,,,,,,,,,,,,,,,,,,,,,,,,,,,,,,,,,,,,,,,,,,,,,,,,,,,,,,,,,,,,,,,,,,,,,,,,,,,,,,,,,,,,,,,,,,,,,,,,,,,,,,,,,,,,,,,,,,
480499,Shiloh University,0,R,0,R,0,R,0,R,0,R,0,R,0,R,0,R,0,R,0,R,0,R,0,R,0,R,0,R,0,R,0,R,0,R,0,R,0,R,0,R,0,R,0,R,0,R,0,R,0,R,0,R,0,R,0,R,0,R,0,R,,,,,,,,,,,,,,,,,,,,,,,,,,,,,,,,,,,,,,,,,,,,,,,,,,,,,,,,,,,,,,,,,,,,,,,,,,,,,,,,,,,,,,,,,,,,,,,,,,,,,,,,,,,,,,,,,,,,,,,,,,,,,,,,,,,,,,,,,,,,,,,,,,,,,,,,,,,,,,,,,,,,,,,,,,,,,,,,,,,,,,,,,,,,,,,,,,,,,,,,,,,,,,,,,,
475121,South Universityâ€“Savannah Online,919,R,195,R,724,R,12,R,1,R,11,R,12,R,5,R,7,R,221,R,33,R,188,R,63,R,18,R,45,R,6,R,2,R,4,R,529,R,114,R,415,R,0,R,0,R,0,R,76,R,22,R,54,R,0,R,0,R,0,R,,,,,,,,,,,,,,,,,,,,,,,,,,,,,,,45,35,10,0,0,0,2,2,0,14,11,3,3,3,0,1,1,0,21,16,5,0,0,0,4,2,2,0,0,0,,,,,,,,,,,,,,,,,,,,,,,,,,,,,,,,,,,,,,,,,,,,,,,,,,,,,,,,,,,,,,,,,,,,,,,,,,,,,,,,,,,,,,,,,,,,,,,,,,,,,,,,,,,,,,,,,,,,,,,,,,,,,,,,,,,,,,,,,,,,,,,,,,,,,,
454689,Taft University System,0,R,0,R,0,Z,0,Z,0,Z,0,Z,0,Z,0,Z,0,Z,0,Z,0,Z,0,Z,0,Z,0,Z,0,Z,0,Z,0,Z,0,Z,0,Z,0,Z,0,Z,0,Z,0,Z,0,Z,0,Z,0,Z,0,Z,0,R,0,R,0,Z,,,,,,,,,,,,,,,,,,,,,,,,,,,,,,,,,,,,,,,,,,,,,,,,,,,,,,,,,,,,,,,,,,,,,,,,,,,,,,,,,,,,,,,,,,,,,,,,,,,,,,,,,,,,,,,,,,,,,,,,,,,,,,,,,,,,,,,,,,,,,,,,,,,,,,,,,,,,,,,,,,,,,,,,,,,,,,,,,,,,,,,,,,,,,,,,,,,,,,,,,,,,,,,,,,
492087,The Continents University of Arts and Sciences,,,,,,,,,,,,,,,,,,,,,,,,,,,,,,,,,,,,,,,,,,,,,,,,,,,,,,,,,,,,,,,,,,,,,,,,,,,,,,,,,,,,,,,,,,,,,,,,,,,,,,,,,,,,,,,,,,,,,,,,,,,,,,,,,,,,,,,,,,,,,,,,,,,,,,,,,,,,,,,,,,,,,,,,,,,,,,,,,,,,,,,,,,,,,,,,,,,,,,,,,,,,,,,,,,,,,,,,,,,,,,,,,,,,,,,,,,,,,,,,,,,,,,,,,,,,,,,,,,,,,,,,,,,,,,
483595,Universidad Ana G. Mendez-Online Campus,,,,,,,,,,,,,,,,,,,,,,,,,,,,,,,,,,,,,,,,,,,,,,,,,,,,,,,,,,,,,,,,,,,,,,,,,,,,,,,,,,,,,,,,,,,,,,,,,,,,,,,,,,,,,,,,,,,,,,,,,,,,,,,,,,,,,,,,,,,,,,,,,,,,,,,,,,,,,,,,,,,,,,,,,,,,,,,,,,,,,,,,,,,,,,,,,,,,,,,,,,,,,,,,,,,,,,,,,,,,,,,,,,,,,,,,,,,,,,,,,,,,,,,,,,,,,,,,,,,,,,,,,,,,,,
493725,University of Arkansas System eVersity,,,,,,,,,,,,,,,,,,,,,,,,,,,,,,,,,,,,,,,,,,,,,,,,,,,,,,,,,,,,,,,,,,,,,,,,,,,,,,,,,,,,,,,,,,,,,,,,,,,,,,,,,,,,,,,,,,,,,,,,,,,,,,,,,,,,,,,,,,,,,,,,,,,,,,,,,,,,,,,,,,,,,,,,,,,,,,,,,,,,,,,,,,,,,,,,,,,,,,,,,,,,,,,,,,,,,,,,,,,,,,,,,,,,,,,,,,,,,,,,,,,,,,,,,,,,,,,,,,,,,,,,,,,,,,
484473,University of Florida-Online,210,R,111,R,99,R,0,R,0,R,0,R,7,R,4,R,3,R,11,R,6,R,5,R,29,R,15,R,14,R,2,R,0,R,2,R,153,R,83,R,70,R,1,R,0,R,1,R,7,R,3,R,4,R,0,R,0,R,0,R,,,,,,,,,,,,,,,,,,,,,,,,,,,,,,,0,0,0,0,0,0,0,0,0,0,0,0,0,0,0,0,0,0,0,0,0,0,0,0,0,0,0,0,0,0,,,,,,,,,,,,,,,,,,,,,,,,,,,,,,,0,0,0,0,0,0,0,0,0,0,0,0,0,0,0,0,0,0,0,0,0,0,0,0,0,0,0,0,0,0,,,,,,,,,,,,,,,,,,,,,,,,,,,,,,,0,0,0,0,0,0,0,0,0,0,0,0,0,0,0,0,0,0,0,0,0,0,0,0,0,0,0,0,0,0,,,,,,,,,,,,,,,,,,,,,,,,,,,,,,
488846,University of the People,,,,,,,,,,,,,,,,,,,,,,,,,,,,,,,,,,,,,,,,,,,,,,,,,,,,,,,,,,,,,,,,,,,,,,,,,,,,,,,,,,,,,,,,,,,,,,,,,,,,,,,,,,,,,,,,,,,,,,,,,,,,,,,,,,,,,,,,,,,,,,,,,,,,,,,,,,,,,,,,,,,,,,,,,,,,,,,,,,,,,,,,,,,,,,,,,,,,,,,,,,,,,,,,,,,,,,,,,,,,,,,,,,,,,,,,,,,,,,,,,,,,,,,,,,,,,,,,,,,,,,,,,,,,,,
491288,University of Wisconsin-Milwaukee Flex,,,,,,,,,,,,,,,,,,,,,,,,,,,,,,,,,,,,,,,,,,,,,,,,,,,,,,,,,,,,,,,,,,,,,,,,,,,,,,,,,,,,,,,,,,,,,,,,,,,,,,,,,,,,,,,,,,,,,,,,,,,,,,,,,,,,,,,,,,,,,,,,,,,,,,,,,,,,,,,,,,,,,,,,,,,,,,,,,,,,,,,,,,,,,,,,,,,,,,,,,,,,,,,,,,,,,,,,,,,,,,,,,,,,,,,,,,,,,,,,,,,,,,,,,,,,,,,,,,,,,,,,,,,,,,
491297,University of Wisconsin-Parkside Flex,,,,,,,,,,,,,,,,,,,,,,,,,,,,,,,,,,,,,,,,,,,,,,,,,,,,,,,,,,,,,,,,,,,,,,,,,,,,,,,,,,,,,,,,,,,,,,,,,,,,,,,,,,,,,,,,,,,,,,,,,,,,,,,,,,,,,,,,,,,,,,,,,,,,,,,,,,,,,,,,,,,,,,,,,,,,,,,,,,,,,,,,,,,,,,,,,,,,,,,,,,,,,,,,,,,,,,,,,,,,,,,,,,,,,,,,,,,,,,,,,,,,,,,,,,,,,,,,,,,,,,,,,,,,,,
482228,Veritas Baptist College,2,R,1,R,1,R,0,Z,0,Z,0,Z,0,Z,0,Z,0,Z,0,Z,0,Z,0,Z,0,Z,0,Z,0,Z,0,Z,0,Z,0,Z,2,R,1,R,1,R,0,Z,0,Z,0,Z,0,Z,0,Z,0,Z,0,Z,0,Z,0,Z,,,,,,,,,,,,,,,,,,,,,,,,,,,,,,,,,,,,,,,,,,,,,,,,,,,,,,,,,,,,,,,,,,,,,,,,,,,,,,,,,,,,,,,,,,,,,,,,,,,,,,,,,,,,,,,,,,,,,,,,,,,,,,,,,,,,,,,,,,,,,,,,,,,,,,,,,,,,,,,,,,,,,,,,,,,,,,,,,,,,,,,,,,,,,,,,,,,,,,,,,,,,,,,,,,
377342,Vista College-Online,8,R,2,R,6,R,0,Z,0,Z,0,Z,0,Z,0,Z,0,Z,2,R,1,R,1,R,2,R,1,R,1,R,0,Z,0,Z,0,Z,3,R,0,Z,3,R,0,Z,0,Z,0,Z,1,R,0,Z,1,R,0,Z,0,Z,0,Z,,,,,,,,,,,,,,,,,,,,,,,,,,,,,,,,,,,,,,,,,,,,,,,,,,,,,,,,,,,,,,,,,,,,,,,,,,,,,,,,,,,,,,,,,,,,,,,,,,,,,,,,,,,,,,,,,,,,,,,,,,,,,,,,,,,,,,,,,,,,,,,,,,,,,,,,,,,,,,,,,,,,,,,,,,,,,,,,,,,,,,,,,,,,,,,,,,,,,,,,,,,,,,,,,,
125231,Walden University,1634,R,298,R,1336,R,8,R,0,R,8,R,46,R,13,R,33,R,396,R,64,R,332,R,113,R,22,R,91,R,3,R,0,R,3,R,905,R,176,R,729,R,32,R,8,R,24,R,109,R,11,R,98,R,22,R,4,R,18,R,,,,,,,,,,,,,,,,,,,,,,,,,,,,,,,61,41,20,0,0,0,1,1,0,10,7,3,8,3,5,0,0,0,37,29,8,1,0,1,4,1,3,0,0,0,,,,,,,,,,,,,,,,,,,,,,,,,,,,,,,,,,,,,,,,,,,,,,,,,,,,,,,,,,,,,,,,,,,,,,,,,,,,,,,,,,,,,,,,,,,,,,,,,,,,,,,,,,,,,,,,,,,,,,,,,,,,,,,,,,,,,,,,,,,,,,,,,,,,,,
433387,Western Governors University,8207,R,2742,R,5465,R,39,R,16,R,23,R,358,R,119,R,239,R,500,R,176,R,324,R,507,R,181,R,326,R,43,R,15,R,28,R,6296,R,2057,R,4239,R,201,R,69,R,132,R,256,R,104,R,152,R,7,R,5,R,2,R,,,,,,,,,,,,,,,,,,,,,,,,,,,,,,,1187,1081,106,3,3,0,57,52,5,94,83,11,81,74,7,4,4,0,864,797,67,32,24,8,50,42,8,2,2,0,,,,,,,,,,,,,,,,,,,,,,,,,,,,,,,,,,,,,,,,,,,,,,,,,,,,,,,,,,,,,,,,,,,,,,,,,,,,,,,,,,,,,,,,,,,,,,,,,,,,,,,,,,,,,,,,,,,,,,,,,,,,,,,,,,,,,,,,,,,,,,,,,,,,,,
